energie;0;1;10;20;30;40;50;60
2.0000E+01;0.0000E+00;0.0000E+00;0.0000E+00;0.0000E+00;0.0000E+00;0.0000E+00;0.0000E+00;0.0000E+00
1.9609E+01;0.0000E+00;0.0000E+00;0.0000E+00;0.0000E+00;0.0000E+00;0.0000E+00;0.0000E+00;0.0000E+00
1.9225E+01;0.0000E+00;0.0000E+00;0.0000E+00;0.0000E+00;0.0000E+00;0.0000E+00;0.0000E+00;0.0000E+00
1.8848E+01;0.0000E+00;0.0000E+00;0.0000E+00;0.0000E+00;0.0000E+00;0.0000E+00;0.0000E+00;0.0000E+00
1.8480E+01;0.0000E+00;0.0000E+00;0.0000E+00;0.0000E+00;0.0000E+00;0.0000E+00;0.0000E+00;0.0000E+00
1.8118E+01;0.0000E+00;0.0000E+00;0.0000E+00;0.0000E+00;0.0000E+00;0.0000E+00;0.0000E+00;0.0000E+00
1.7763E+01;0.0000E+00;0.0000E+00;0.0000E+00;0.0000E+00;0.0000E+00;0.0000E+00;0.0000E+00;0.0000E+00
1.7415E+01;0.0000E+00;0.0000E+00;0.0000E+00;0.0000E+00;0.0000E+00;0.0000E+00;0.0000E+00;0.0000E+00
1.7075E+01;0.0000E+00;0.0000E+00;0.0000E+00;0.0000E+00;0.0000E+00;0.0000E+00;0.0000E+00;0.0000E+00
1.6740E+01;0.0000E+00;0.0000E+00;0.0000E+00;0.0000E+00;0.0000E+00;0.0000E+00;0.0000E+00;0.0000E+00
1.6413E+01;0.0000E+00;0.0000E+00;0.0000E+00;0.0000E+00;0.0000E+00;0.0000E+00;0.0000E+00;0.0000E+00
1.6091E+01;0.0000E+00;0.0000E+00;0.0000E+00;0.0000E+00;0.0000E+00;0.0000E+00;0.0000E+00;0.0000E+00
1.5777E+01;0.0000E+00;0.0000E+00;0.0000E+00;0.0000E+00;0.0000E+00;0.0000E+00;0.0000E+00;0.0000E+00
1.5468E+01;1.5994E-24;3.3986E-40;7.2216E-56;1.5345E-71;3.2605E-87;6.928E-103;1.4721E-118;3.1280E-134
1.5165E+01;5.2633E-20;1.1184E-35;2.3764E-51;5.0493E-67;1.0729E-82;2.2798E-98;4.8442E-114;1.0293E-129
1.4868E+01;1.3850E-18;2.9428E-34;6.2529E-50;1.3286E-65;2.8232E-81;5.9988E-97;1.2746E-112;2.7084E-128
1.4577E+01;3.4292E-18;7.2863E-34;1.5482E-49;3.2898E-65;6.9903E-81;1.4853E-96;3.1561E-112;6.7062E-128
1.4292E+01;1.2093E-17;2.5695E-33;5.4598E-49;1.1601E-64;2.4651E-80;5.2380E-96;1.1130E-111;2.3649E-127
1.4012E+01;9.4576E-17;2.0095E-32;4.2700E-48;9.0731E-64;1.9279E-79;4.0965E-95;8.7043E-111;1.8495E-126
1.3738E+01;4.1763E-16;8.8736E-32;1.8855E-47;4.0064E-63;8.5130E-79;1.8088E-94;3.8436E-110;8.1669E-126
1.3469E+01;2.1067E-15;4.4765E-31;9.5116E-47;2.0211E-62;4.2945E-78;9.1251E-94;1.9390E-109;4.1200E-125
1.3205E+01;4.5162E-15;9.5958E-31;2.0389E-46;4.3325E-62;9.2057E-78;1.9561E-93;4.1564E-109;8.8317E-125
1.2947E+01;9.2577E-15;1.9670E-30;4.1796E-46;8.8810E-62;1.8871E-77;4.0097E-93;8.5200E-109;1.8104E-124
1.2693E+01;3.4395E-14;7.3080E-30;1.5528E-45;3.2995E-61;7.0109E-77;1.4897E-92;3.1654E-108;6.7260E-124
1.2445E+01;8.5553E-14;1.8178E-29;3.8625E-45;8.2073E-61;1.7439E-76;3.7056E-92;7.8737E-108;1.6731E-123
1.2201E+01;1.1636E-13;2.4724E-29;5.2533E-45;1.1162E-60;2.3718E-76;5.0397E-92;1.0709E-107;2.2754E-123
1.1963E+01;1.9627E-13;4.1701E-29;8.8609E-45;1.8828E-60;4.0007E-76;8.5007E-92;1.8063E-107;3.8380E-123
1.1728E+01;3.9428E-13;8.3772E-29;1.7800E-44;3.7823E-60;8.0366E-76;1.7076E-91;3.6285E-107;7.7099E-123
1.1499E+01;6.8228E-13;1.4496E-28;3.0802E-44;6.5449E-60;1.3907E-75;2.9549E-91;6.2788E-107;1.3341E-122
1.1274E+01;1.6677E-12;3.5429E-28;7.5280E-44;1.5995E-59;3.3989E-75;7.2219E-91;1.5345E-106;3.2606E-122
1.1053E+01;3.9684E-12;8.4309E-28;1.7914E-43;3.8064E-59;8.0879E-75;1.7185E-90;3.6516E-106;7.7588E-122
1.0837E+01;4.7128E-12;1.0011E-27;2.1272E-43;4.5200E-59;9.6040E-75;2.0406E-90;4.3360E-106;9.2131E-122
1.0625E+01;2.6158E-06;1.8761E-06;1.8013E-07;1.6102E-08;4.0973E-09;3.1793E-09;3.0848E-09;3.0605E-09
1.0417E+01;4.3388E-06;3.1119E-06;2.9878E-07;2.6707E-08;6.7960E-09;5.2734E-09;5.1167E-09;5.0763E-09
1.0213E+01;4.8167E-06;3.4545E-06;3.3168E-07;2.9648E-08;7.5445E-09;5.8542E-09;5.6802E-09;5.6355E-09
1.0013E+01;7.1924E-06;5.1585E-06;4.9528E-07;4.4273E-08;1.1266E-08;8.7420E-09;8.4822E-09;8.4153E-09
9.8169E+00;7.0518E-06;5.0576E-06;4.8560E-07;4.3406E-08;1.1046E-08;8.5709E-09;8.3163E-09;8.2507E-09
9.6247E+00;1.0180E-05;7.3009E-06;7.0098E-07;6.2659E-08;1.5945E-08;1.2372E-08;1.2005E-08;1.1910E-08
9.4364E+00;1.1690E-05;8.3843E-06;8.0500E-07;7.1958E-08;1.8311E-08;1.4208E-08;1.3787E-08;1.3678E-08
9.2517E+00;1.1462E-05;8.2202E-06;7.8925E-07;7.0549E-08;1.7952E-08;1.3930E-08;1.3516E-08;1.3410E-08
9.0706E+00;1.9306E-05;1.3846E-05;1.3294E-06;1.1883E-07;3.0239E-08;2.3464E-08;2.2767E-08;2.2587E-08
8.8930E+00;1.9001E-05;1.3628E-05;1.3084E-06;1.1696E-07;2.9761E-08;2.3094E-08;2.2407E-08;2.2230E-08
8.7190E+00;2.1828E-05;1.5087E-05;1.4485E-06;1.2948E-07;3.2949E-08;2.5567E-08;2.4808E-08;2.4612E-08
8.5483E+00;3.1499E-05;2.2591E-05;2.1690E-06;1.9388E-07;4.9337E-08;3.8282E-08;3.7146E-08;3.6852E-08
8.3810E+00;3.0882E-05;2.2148E-05;2.1266E-06;1.9009E-07;4.8370E-08;3.7534E-08;3.6419E-08;3.6131E-08
8.2169E+00;3.4700E-05;2.4887E-05;2.3894E-06;2.1358E-07;5.4350E-08;4.2174E-08;4.0920E-08;4.0597E-08
8.0561E+00;5.1194E-05;3.6716E-05;3.5252E-06;3.1512E-07;8.0186E-08;6.2221E-08;6.0373E-08;5.9897E-08
7.8984E+00;5.0199E-05;3.5997E-05;3.4562E-06;3.0894E-07;7.8617E-08;6.1003E-08;5.9190E-08;5.8724E-08
7.7438E+00;5.0994E-05;3.6315E-05;3.4867E-06;3.1167E-07;7.9311E-08;6.1542E-08;5.9713E-08;5.9242E-08
7.5922E+00;8.4454E-05;5.9675E-05;5.7295E-06;5.1216E-07;1.3033E-07;1.0113E-07;9.8126E-08;9.7352E-08
7.4436E+00;8.4842E-05;5.8508E-05;5.6176E-06;5.0213E-07;1.2778E-07;9.9152E-08;9.6206E-08;9.5447E-08
7.2979E+00;8.3197E-05;5.7362E-05;5.5075E-06;4.9230E-07;1.2528E-07;9.7211E-08;9.4322E-08;9.3579E-08
7.1551E+00;1.2207E-04;8.3312E-05;7.9990E-06;7.1501E-07;1.8196E-07;1.4119E-07;1.3700E-07;1.3591E-07
7.0151E+00;1.9171E-04;9.5090E-05;9.1299E-06;8.1610E-07;2.0768E-07;1.6115E-07;1.5636E-07;1.5513E-07
6.8777E+00;1.1642E-03;9.3229E-05;8.9512E-06;8.0013E-07;2.0362E-07;1.5800E-07;1.5330E-07;1.5209E-07
6.7431E+00;7.1280E-04;9.4788E-05;9.1010E-06;8.1351E-07;2.0702E-07;1.6063E-07;1.5586E-07;1.5463E-07
6.6111E+00;7.5664E-04;1.5456E-04;1.4839E-05;1.3264E-06;3.3754E-07;2.6192E-07;2.5414E-07;2.5213E-07
6.4817E+00;2.3461E-04;1.5153E-04;1.4549E-05;1.3005E-06;3.3094E-07;2.5679E-07;2.4916E-07;2.4720E-07
6.3549E+00;5.7220E-04;1.4856E-04;1.4265E-05;1.2751E-06;3.2446E-07;2.5177E-07;2.4429E-07;2.4236E-07
6.2305E+00;5.5555E+04;1.6222E-04;1.5575E-05;1.3922E-06;3.5428E-07;2.7490E-07;2.6674E-07;2.6464E-07
6.1085E+00;2.3809E+04;2.4628E-04;2.3646E-05;2.1136E-06;5.3787E-07;4.1736E-07;4.0496E-07;4.0177E-07
5.9890E+00;1.6990E-02;2.4146E-04;2.3183E-05;2.0723E-06;5.2734E-07;4.0920E-07;3.9704E-07;3.9391E-07
5.8717E+00;2.8253E+05;2.3674E-04;2.2730E-05;2.0318E-06;5.1702E-07;4.0118E-07;3.8926E-07;3.8620E-07
5.7568E+00;2.2857E+05;2.3210E-04;2.2285E-05;1.9919E-06;5.0690E-07;3.9333E-07;3.8165E-07;3.7864E-07
5.6441E+00;1.6349E+05;3.8249E-04;3.6723E-05;3.2826E-06;8.3534E-07;6.4820E-07;6.2893E-07;6.2398E-07
5.5337E+00;6.4284E+05;3.8477E-04;3.6942E-05;3.3022E-06;8.4033E-07;6.5207E-07;6.3269E-07;6.2771E-07
5.4253E+00;1.5078E+05;3.7723E-04;3.6219E-05;3.2376E-06;8.2389E-07;6.3930E-07;6.2031E-07;6.1542E-07
5.3192E+00;5.2083E-01;3.6985E-04;3.5511E-05;3.1743E-06;8.0775E-07;6.2679E-07;6.0817E-07;6.0336E-07
5.2150E+00;1.8412E+05;4.5085E-04;4.3288E-05;3.8694E-06;9.8464E-07;7.6405E-07;7.4135E-07;7.3550E-07
5.1130E+00;1.3588E+00;6.1312E-04;5.8868E-05;5.2620E-06;1.3391E-06;1.0390E-06;1.0082E-06;1.0002E-06
5.0129E+00;1.9507E-01;6.0112E-04;5.7715E-05;5.1590E-06;1.3128E-06;1.0187E-06;9.8843E-07;9.8064E-07
4.9148E+00;1.4920E+05;5.8935E-04;5.6585E-05;5.0581E-06;1.2871E-06;9.9876E-07;9.6909E-07;9.6144E-07
4.8186E+00;4.3743E+05;5.7782E-04;5.5478E-05;4.9591E-06;1.2620E-06;9.7922E-07;9.5012E-07;9.4263E-07
4.7243E+00;1.1020E+05;6.7858E-04;6.5152E-05;5.8238E-06;1.4820E-06;1.1500E-06;1.1158E-06;1.1070E-06
4.6318E+00;2.6851E+00;9.5789E-04;9.1970E-05;8.2210E-06;2.0919E-06;1.6233E-06;1.5751E-06;1.5626E-06
4.5411E+00;1.4286E+04;9.3914E-04;9.0170E-05;8.0601E-06;2.0510E-06;1.5915E-06;1.5442E-06;1.5321E-06
4.4522E+00;7.4603E+04;9.2077E-04;8.8405E-05;7.9023E-06;2.0109E-06;1.5603E-06;1.5140E-06;1.5021E-06
4.3651E+00;9.2735E+00;9.0274E-04;8.6675E-05;7.7476E-06;1.9716E-06;1.5298E-06;1.4844E-06;1.4726E-06
4.2797E+00;1.7461E+04;8.8507E-04;8.4978E-05;7.5960E-06;1.9330E-06;1.4999E-06;1.4553E-06;1.4438E-06
4.1959E+00;3.1600E+00;1.2739E-03;1.2231E-04;1.0933E-05;2.7822E-06;2.1589E-06;2.0947E-06;2.0782E-06
4.1138E+00;1.7620E+05;1.4672E-03;1.4087E-04;1.2592E-05;3.2043E-06;2.4864E-06;2.4126E-06;2.3935E-06
4.0332E+00;3.5402E+07;1.4385E-03;1.3811E-04;1.2346E-05;3.1416E-06;2.4378E-06;2.3654E-06;2.3467E-06
3.9543E+00;1.4153E+07;1.4148E-03;1.3671E-04;1.3174E-05;4.0443E-06;3.2619E-06;3.1074E-06;3.0136E-06
3.8769E+00;3.4133E+04;1.3828E-03;1.3276E-04;1.1867E-05;3.0199E-06;2.3433E-06;2.2736E-06;2.2557E-06
3.8010E+00;2.7937E+05;1.3557E-03;1.3016E-04;1.1635E-05;2.9607E-06;2.2974E-06;2.2292E-06;2.2116E-06
3.7266E+00;2.8344E+07;1.6319E-03;1.5669E-04;1.4006E-05;3.5640E-06;2.7655E-06;2.6833E-06;2.6621E-06
3.6537E+00;2.4817E+07;2.2534E-03;2.1751E-04;2.0713E-05;6.1937E-06;4.9710E-06;4.7466E-06;4.6168E-06
3.5822E+00;2.1206E+07;2.2034E-03;2.1156E-04;1.8910E-05;4.8121E-06;3.7340E-06;3.6231E-06;3.5945E-06
3.5120E+00;1.9869E+07;2.1602E-03;2.0742E-04;1.8541E-05;4.7179E-06;3.6609E-06;3.5521E-06;3.5241E-06
3.4433E+00;2.8877E+07;2.1225E-03;2.0466E-04;1.9247E-05;5.5897E-06;4.4610E-06;4.2710E-06;4.1680E-06
3.3759E+00;5.3712E+02;2.0767E-03;1.9938E-04;1.7822E-05;4.5350E-06;3.5190E-06;3.4144E-06;3.3875E-06
3.3098E+00;1.0299E+08;2.0360E-03;1.9547E-04;1.7473E-05;4.4462E-06;3.4501E-06;3.3475E-06;3.3212E-06
3.2450E+00;9.2884E+07;2.1087E-03;2.0228E-04;1.8081E-05;4.6010E-06;3.5703E-06;3.4641E-06;3.4368E-06
3.1815E+00;2.2699E+07;4.9694E+02;3.2739E-04;3.1511E-05;9.6719E-06;7.8049E-06;7.4399E-06;7.2199E-06
3.1193E+00;5.2615E+05;3.3094E-03;3.1777E-04;2.8467E-05;7.2943E-06;5.6749E-06;5.5081E-06;5.4648E-06
3.0582E+00;1.9060E+06;3.2443E-03;3.1169E-04;2.8051E-05;7.2927E-06;5.7045E-06;5.5402E-06;5.4973E-06
2.9983E+00;2.4355E+07;3.1987E-03;3.0659E-04;2.8456E-05;8.1002E-06;6.5391E-06;6.3741E-06;6.3280E-06
2.9397E+00;1.4739E+07;3.1190E-03;2.9995E-04;2.7306E-05;7.3506E-06;5.8225E-06;5.6634E-06;5.6206E-06
2.8821E+00;1.8360E+08;3.0703E-03;2.9440E-04;2.7057E-05;7.4902E-06;5.9909E-06;5.8335E-06;5.7904E-06
2.8257E+00;4.6606E+08;2.9983E-03;2.8831E-04;2.6222E-05;7.0404E-06;5.5716E-06;5.4186E-06;5.3777E-06
2.7704E+00;9.6144E+07;2.9637E-03;2.8244E-04;2.5440E-05;6.6344E-06;5.1955E-06;5.0467E-06;5.0076E-06
2.7162E+00;7.8512E+05;5.0393E+04;4.2930E-04;3.6929E-05;1.0153E-05;8.1013E-06;7.8864E-06;7.8278E-06
2.6630E+00;5.6764E+07;4.9507E-03;4.6923E-04;4.3096E-05;1.1917E-05;9.5283E-06;9.2776E-06;9.2091E-06
2.6109E+00;4.2018E+07;3.0597E-01;8.6829E-02;7.1130E-02;6.4130E-02;5.7988E-02;5.2438E-02;4.7419E-02
2.5598E+00;8.1861E+07;4.7009E-03;4.4970E-04;4.0220E-05;1.0256E-05;7.9640E-06;7.7281E-06;7.6672E-06
2.5097E+00;3.3425E+08;4.6304E-03;4.4093E-04;3.9421E-05;1.0044E-05;7.7972E-06;7.5659E-06;7.5062E-06
2.4605E+00;3.3537E+08;4.5130E-03;4.3262E-04;3.9018E-05;1.0214E-05;8.0091E-06;7.7808E-06;7.7209E-06
2.4124E+00;2.1924E+08;4.5347E-03;4.8470E-04;9.8449E-05;6.9954E-05;6.7540E-05;6.7065E-05;6.6756E-05
2.3652E+00;8.5463E+06;4.8722E-03;4.1717E-04;3.7668E-05;9.9784E-06;7.8590E-06;7.6390E-06;7.5806E-06
2.3189E+00;3.0075E+13;1.0631E-02;4.0839E-04;3.7479E-05;1.0330E-05;8.2501E-06;8.0320E-06;7.9726E-06
2.2735E+00;2.5657E+08;4.3262E-03;4.1239E-04;4.8358E-05;2.1691E-05;1.9602E-05;1.9340E-05;1.9234E-05
2.2290E+00;8.3927E+07;5.5167E-03;5.2688E-04;4.8254E-05;1.3228E-05;1.0544E-05;1.0264E-05;1.0187E-05
2.1854E+00;6.5863E+12;1.2854E+01;1.0338E+01;8.1250E+00;6.3864E+00;5.0198E+00;3.9457E+00;3.1014E+00
2.1426E+00;2.3029E+07;6.7748E-03;6.5180E-04;5.9284E-05;1.5634E-05;1.2218E-05;1.1847E-05;1.1748E-05
2.1006E+00;1.4569E+09;7.1080E-03;6.8601E-04;1.0540E-04;6.2790E-05;5.9344E-05;5.8807E-05;5.8521E-05
2.0595E+00;2.5511E+07;7.4239E-03;6.2740E-04;5.9230E-05;1.7638E-05;1.4443E-05;1.4102E-05;1.4003E-05
2.0192E+00;1.1201E+05;6.3976E-03;6.1518E-04;5.8147E-05;1.7368E-05;1.4237E-05;1.3901E-05;1.3804E-05
1.9797E+00;1.4197E+08;6.5872E-03;6.0248E-04;5.5657E-05;1.5682E-05;1.2617E-05;1.2294E-05;1.2204E-05
1.9409E+00;1.6170E+07;6.1378E-03;5.8799E-04;5.2558E-05;1.3374E-05;1.0378E-05;1.0070E-05;9.9902E-06
1.9030E+00;2.6843E+08;6.2358E-03;5.7817E-04;5.2775E-05;1.4352E-05;1.1409E-05;1.1101E-05;1.1018E-05
1.8657E+00;8.5395E+08;5.9080E-03;5.8454E-04;6.9792E-05;3.2045E-05;2.9084E-05;2.8708E-05;2.8551E-05
1.8292E+00;1.1362E+13;6.9990E+06;4.3327E-03;1.4158E-04;1.0426E-04;1.0105E-04;1.0038E-04;9.9919E-05
1.7934E+00;2.2879E+08;6.7536E-03;7.6052E-04;2.2684E-04;1.7318E-04;1.5505E-04;1.4089E-04;1.2826E-04
1.7583E+00;4.0036E+08;6.6029E-03;1.1291E-03;6.4056E-04;6.0257E-04;5.9737E-04;5.9460E-04;5.9206E-04
1.7239E+00;4.0240E+13;1.0079E-02;1.0673E-03;1.9827E-04;1.3411E-04;1.2867E-04;1.2758E-04;1.2690E-04
1.6901E+00;1.0590E+11;1.9011E-02;1.0689E-03;9.5608E-05;2.4381E-05;1.8934E-05;1.8374E-05;1.8229E-05
1.6570E+00;1.8172E+10;1.1474E-02;1.2452E-03;2.6223E-04;1.7923E-04;1.6302E-04;1.5299E-04;1.4441E-04
1.6246E+00;9.2824E+11;1.0776E-02;1.0299E-03;9.4019E-05;2.5411E-05;2.0049E-05;1.9396E-05;1.9153E-05
1.5928E+00;1.0404E+10;2.9347E-02;7.7116E-03;4.4278E-03;3.2977E-03;2.6938E-03;2.3110E-03;2.0361E-03
1.5616E+00;4.4516E+07;1.3711E-02;1.0289E-03;1.2501E-04;5.9067E-05;5.3911E-05;5.3271E-05;5.3015E-05
1.5311E+00;1.9569E+08;1.0345E-02;1.1075E-03;1.6382E-04;7.1533E-05;5.4138E-05;4.8002E-05;4.5294E-05
1.5011E+00;4.5802E+12;2.6219E-02;1.7300E-03;7.4006E-04;6.2004E-04;5.6530E-04;5.1976E-04;4.7890E-04
1.4717E+00;4.4023E+11;1.9768E-02;2.1574E-03;6.3171E-04;2.6778E-04;1.2818E-04;6.7453E-05;4.0415E-05
1.4429E+00;3.7532E+08;9.5658E-03;9.1362E-04;8.2688E-05;2.1858E-05;1.7193E-05;1.6703E-05;1.6571E-05
1.4147E+00;6.2433E+10;9.5941E-03;9.1961E-04;9.1340E-05;2.5632E-05;1.8351E-05;1.6665E-05;1.6000E-05
1.3870E+00;6.3655E+10;9.5142E-03;1.0782E-03;2.4855E-04;1.7580E-04;1.6449E-04;1.6056E-04;1.5852E-04
1.3598E+00;3.7814E+13;1.4699E+03;4.7888E-03;3.9763E-04;2.1349E-04;2.0352E-04;2.0175E-04;2.0051E-04
1.3332E+00;3.3582E+09;9.1411E-03;8.4400E-04;7.6236E-05;2.0048E-05;1.5748E-05;1.5301E-05;1.5183E-05
1.3071E+00;2.5974E+08;5.5475E-01;1.6729E-01;4.4763E-02;1.2020E-02;3.2410E-03;8.8504E-04;2.5260E-04
1.2815E+00;1.6228E+08;9.1330E-03;9.5651E-04;1.5757E-04;7.6241E-05;5.8307E-05;5.0237E-05;4.5372E-05
1.2565E+00;4.0163E+13;1.4056E-01;6.1837E-02;2.7367E-02;1.2241E-02;5.5047E-03;2.4969E-03;1.1533E-03
1.2319E+00;1.1832E+09;2.0028E-02;3.4918E-03;1.1303E-03;6.0264E-04;4.0467E-04;3.1843E-04;2.7953E-04
1.2077E+00;1.6510E+08;2.4098E-02;1.7912E-03;1.6141E-04;4.2080E-05;3.2924E-05;3.1962E-05;3.1704E-05
1.1841E+00;2.6956E+12;2.2785E+08;1.9937E-03;3.0372E-04;1.4522E-04;1.1608E-04;1.0461E-04;9.8257E-05
1.1609E+00;9.6294E+08;6.1769E-01;1.7016E-01;4.4855E-02;1.2023E-02;3.2485E-03;8.9521E-04;2.6351E-04
1.1382E+00;9.6604E+13;1.9060E-02;2.2570E-03;4.4447E-04;2.0839E-04;1.4409E-04;1.1785E-04;1.0587E-04
1.1159E+00;3.2162E+12;4.8263E-02;2.9852E-03;1.0655E-03;7.7381E-04;6.8281E-04;6.4357E-04;6.2472E-04
1.0941E+00;1.3170E+08;2.2843E-02;2.2339E-03;3.2051E-04;1.3575E-04;1.0906E-04;1.0027E-04;9.4736E-05
1.0727E+00;6.5077E+12;1.9666E-01;3.3761E-03;1.6138E-03;1.3639E-03;1.2291E-03;1.1140E-03;1.0106E-03
1.0517E+00;6.1362E+08;1.6773E-02;1.6101E-03;1.7925E-04;7.0477E-05;6.0278E-05;5.8392E-05;5.7645E-05
1.0311E+00;2.0633E+08;6.5002E-02;3.6454E-03;3.5869E-04;9.2362E-05;5.5749E-05;4.6992E-05;4.3918E-05
1.0109E+00;7.7800E+13;1.8398E-02;1.5055E-03;1.3992E-04;3.8979E-05;3.0532E-05;2.9155E-05;2.8520E-05
9.9112E-01;1.9294E+10;1.1956E-01;5.1347E-02;2.2409E-02;9.9846E-03;4.4711E-03;2.0109E-03;9.1229E-04
9.7172E-01;1.0975E+09;1.5788E-02;1.6466E-03;2.9529E-04;1.8104E-04;1.5921E-04;1.4612E-04;1.3510E-04
9.5270E-01;1.0282E+13;4.1819E-02;2.0083E-03;6.9988E-04;5.8413E-04;5.5628E-04;5.3579E-04;5.1666E-04
9.3405E-01;1.7289E+12;2.3243E+05;2.3240E+05;2.3240E+05;2.3240E+05;2.3240E+05;2.3240E+05;2.3240E+05
9.1577E-01;7.7688E+10;1.4876E-02;1.5875E-03;2.6678E-04;1.3816E-04;1.1037E-04;9.6791E-05;8.7649E-05
8.9785E-01;1.6310E+13;8.1625E+06;6.3709E-03;8.1852E-04;3.4509E-04;1.6639E-04;8.8838E-05;5.4292E-05
8.8027E-01;9.2555E+08;1.0866E-01;3.4023E-03;1.4308E-03;9.8914E-04;7.8632E-04;6.6398E-04;5.7926E-04
8.6304E-01;1.3058E+13;4.2677E+11;4.2664E+11;4.2650E+11;4.2635E+11;4.2621E+11;4.2606E+11;4.2592E+11
8.4615E-01;1.7730E+13;4.6194E+03;1.2507E-02;9.2126E-03;8.1504E-03;7.3276E-03;6.6106E-03;5.9722E-03
8.2959E-01;8.8510E+12;1.8547E-02;3.4040E-03;1.4175E-03;8.6198E-04;5.8094E-04;4.1154E-04;3.0252E-04
8.1335E-01;2.4360E+09;2.0464E+06;2.1643E-03;5.5452E-04;2.4705E-04;1.3847E-04;9.0886E-05;6.8627E-05
7.9743E-01;1.8838E+12;2.3306E-01;1.2066E-02;5.8674E-04;1.3310E-04;1.0798E-04;1.0353E-04;1.0142E-04
7.8182E-01;1.6183E+10;8.0513E+07;1.0960E-01;6.0277E-03;2.1794E-03;1.8606E-03;1.6848E-03;1.5300E-03
7.6652E-01;1.2989E+13;1.6182E-02;2.3289E-03;6.7294E-04;4.8993E-04;4.5810E-04;4.4467E-04;4.3417E-04
7.5152E-01;5.0251E+15;1.4185E+14;6.2907E-02;5.0662E-03;2.8709E-03;1.8524E-03;1.3410E-03;1.0611E-03
7.3681E-01;3.4379E+15;1.5779E+00;1.4313E+00;1.4303E+00;1.4303E+00;1.4302E+00;1.4302E+00;1.4302E+00
7.2238E-01;1.2082E+15;2.3167E+13;7.2069E-02;2.9036E-02;1.8986E-02;1.3961E-02;1.1195E-02;9.4876E-03
7.0825E-01;4.3937E+12;1.3705E-02;1.6201E-03;4.5123E-04;2.8328E-04;2.2649E-04;1.9603E-04;1.7627E-04
6.9438E-01;4.2859E+13;4.2645E+11;4.2631E+11;4.2617E+11;4.2603E+11;4.2588E+11;4.2574E+11;4.2559E+11
6.8079E-01;6.7880E+12;2.3923E-02;4.1514E-03;1.4884E-03;6.4841E-04;2.9923E-04;1.4521E-04;7.6540E-05
6.6747E-01;9.9919E+07;4.8897E-02;4.1499E-03;4.7006E-04;1.1235E-04;5.3404E-05;3.4642E-05;2.6570E-05
6.5440E-01;3.6275E+15;1.0608E+00;5.7946E-01;4.5951E-01;3.6490E-01;2.8981E-01;2.3018E-01;1.8283E-01
6.4159E-01;2.2409E+10;1.4414E+00;1.4303E+00;1.4294E+00;1.4293E+00;1.4292E+00;1.4292E+00;1.4292E+00
6.2903E-01;1.0741E+09;1.8667E-01;1.9872E-02;1.7126E-03;1.7153E-04;3.4958E-05;2.1877E-05;2.0404E-05
6.1672E-01;3.6203E+09;1.3812E-01;1.9252E-03;3.6500E-04;1.4108E-04;7.0359E-05;4.1276E-05;2.8422E-05
6.0465E-01;1.5977E+08;5.7032E+05;1.3157E-01;6.8142E-03;2.0504E-03;1.8262E-03;1.7976E-03;1.7831E-03
5.9282E-01;5.4355E+13;2.9353E-01;2.8903E-02;2.3974E-03;2.3601E-04;5.0708E-05;2.9788E-05;2.4584E-05
5.8121E-01;1.3747E+12;2.8515E+08;8.4733E-02;6.5264E-02;5.6735E-02;5.0366E-02;4.5129E-02;4.0625E-02
5.6984E-01;1.4686E+08;1.2252E-02;8.5964E-04;9.5339E-05;3.9137E-05;3.4612E-05;3.3966E-05;3.3682E-05
5.5868E-01;8.3388E+12;1.7041E+10;2.3190E+05;2.3190E+05;2.3190E+05;2.3190E+05;2.3190E+05;2.3190E+05
5.4775E-01;4.8824E+12;2.3679E+00;1.5536E-03;5.0963E-04;3.1698E-04;2.4114E-04;1.9972E-04;1.7319E-04
5.3703E-01;1.1361E+10;8.3169E-03;8.1734E-04;8.5413E-05;2.7891E-05;2.1656E-05;2.0185E-05;1.9548E-05
5.2651E-01;1.0383E+09;8.2798E-03;8.8759E-04;1.3325E-04;5.8021E-05;4.2205E-05;3.5522E-05;3.1894E-05
5.1621E-01;3.2833E+08;8.1366E-03;8.6306E-04;1.1905E-04;4.3992E-05;2.8397E-05;2.2171E-05;1.9036E-05
5.0610E-01;2.1244E+14;3.1536E+04;1.7342E+03;1.7002E+03;1.6744E+03;1.6530E+03;1.6338E+03;1.6160E+03
4.9620E-01;3.6749E+08;2.5503E+02;7.4484E-04;6.8966E-05;1.9000E-05;1.4867E-05;1.4227E-05;1.3943E-05
4.8649E-01;6.8318E+09;7.5832E-03;7.4817E-04;8.6131E-05;3.6809E-05;3.2435E-05;3.1550E-05;3.1067E-05
4.7696E-01;5.2239E+12;1.0337E-02;1.1691E-03;2.9520E-04;1.4347E-04;9.1494E-05;6.8087E-05;5.6415E-05
4.6763E-01;2.7507E+12;7.1979E-02;4.7767E-03;5.9995E-04;1.8844E-04;1.2012E-04;9.9873E-05;8.9247E-05
4.5848E-01;3.5714E+12;1.6646E-01;1.7299E-02;1.4254E-03;1.4397E-04;4.0242E-05;3.1682E-05;3.0855E-05
4.4950E-01;8.1624E+08;1.0008E-02;1.5592E-03;7.9546E-04;6.7885E-04;6.1270E-04;5.5594E-04;5.0492E-04
4.4070E-01;3.1004E+10;9.6918E-01;2.5142E-03;8.3174E-04;4.3208E-04;2.5959E-04;1.6791E-04;1.1485E-04
4.3208E-01;5.1368E+10;7.6664E-03;8.4789E-04;2.4842E-04;1.9451E-04;1.8264E-04;1.7557E-04;1.7007E-04
4.2362E-01;2.7726E+09;4.5773E-01;4.8042E-02;4.2715E-03;6.2808E-04;2.5944E-04;1.7601E-04;1.3030E-04
4.1533E-01;1.0169E+09;7.9452E-03;8.8864E-04;1.0377E-04;2.6465E-05;1.7015E-05;1.5236E-05;1.4540E-05
4.0720E-01;1.2807E+09;9.5513E-03;1.0241E-03;1.6163E-04;8.9042E-05;7.9894E-05;7.6701E-05;7.4469E-05
3.9923E-01;9.0422E+12;3.2757E-02;4.3344E-03;2.6746E-03;1.8806E-03;1.3547E-03;9.8547E-04;7.2209E-04
3.9141E-01;1.3571E+09;1.1650E+04;6.2656E-04;7.5094E-05;2.4642E-05;1.6280E-05;1.3526E-05;1.2333E-05
3.8375E-01;8.9316E+11;5.6737E-02;2.9573E-02;1.5738E-02;8.7976E-03;5.2106E-03;3.3436E-03;2.3654E-03
3.7624E-01;4.3419E+09;2.8945E-02;2.9918E-03;2.6684E-04;4.2872E-05;2.0718E-05;1.6274E-05;1.4179E-05
3.6888E-01;3.5327E+11;6.0024E-03;7.3339E-04;1.8528E-04;1.1114E-04;8.1278E-05;6.1516E-05;4.7377E-05
3.6166E-01;1.5679E+10;6.7386E-03;7.8419E-04;1.8610E-04;9.3253E-05;5.8600E-05;3.9933E-05;2.8998E-05
3.5458E-01;7.7347E+13;3.7550E-01;1.9160E-01;9.8885E-02;5.1138E-02;2.6456E-02;1.3689E-02;7.0858E-03
3.4764E-01;3.1972E+11;1.3054E-02;6.1796E-03;4.5434E-03;3.6587E-03;3.0370E-03;2.5853E-03;2.2556E-03
3.4083E-01;1.5613E+09;2.2709E-02;8.2116E-04;2.4804E-04;1.5035E-04;1.0686E-04;7.8827E-05;5.9352E-05
3.3416E-01;1.4677E+09;7.2839E-03;1.9193E-03;1.0890E-03;7.7804E-04;5.7319E-04;4.2576E-04;3.1864E-04
3.2762E-01;5.2954E+12;8.2363E-03;2.5147E-03;1.6303E-03;1.2920E-03;1.0627E-03;8.9251E-04;7.6406E-04
3.2121E-01;1.6372E+09;7.2904E-03;1.9016E-03;1.0398E-03;7.2483E-04;5.2422E-04;3.8318E-04;2.8222E-04
3.1492E-01;9.5899E+09;2.4239E-02;1.1750E-03;1.2896E-04;4.0983E-05;3.0120E-05;2.6757E-05;2.4843E-05
3.0876E-01;1.1383E+10;6.3496E-03;1.1472E-03;5.3758E-04;3.6982E-04;2.6972E-04;1.9935E-04;1.4871E-04
3.0271E-01;1.0328E+12;1.1005E-01;5.7432E-02;2.9623E-02;1.5390E-02;8.0210E-03;4.1952E-03;2.2055E-03
2.9679E-01;2.4421E+12;5.3172E-02;9.3793E-03;7.3027E-03;6.4372E-03;5.7298E-03;5.1174E-03;4.5821E-03
2.9098E-01;1.3296E+09;8.1662E-01;1.4090E-03;9.4731E-04;8.6663E-04;8.2557E-04;7.9608E-04;7.7376E-04
2.8528E-01;1.3033E+09;9.4844E-03;2.9282E-03;1.9438E-03;1.5175E-03;1.2159E-03;9.8768E-04;8.1258E-04
2.7970E-01;1.2573E+09;4.6006E-03;6.2608E-04;1.9728E-04;1.3055E-04;9.9794E-05;7.8687E-05;6.3391E-05
2.7423E-01;3.0727E+09;1.1118E-01;2.8569E-02;1.6483E-02;1.0442E-02;7.1496E-03;5.2811E-03;4.1652E-03
2.6886E-01;8.5959E+12;1.5111E-02;8.6467E-03;6.0445E-03;4.3906E-03;3.2061E-03;2.3464E-03;1.7214E-03
2.6360E-01;1.5506E+09;1.1389E-01;4.3277E-04;6.6323E-05;3.3823E-05;2.8286E-05;2.6020E-05;2.4661E-05
2.5844E-01;2.1017E+09;4.0526E-03;4.5307E-04;9.2300E-05;5.6723E-05;4.7445E-05;4.1943E-05;3.8036E-05
2.5338E-01;4.2284E+13;8.8065E-03;3.7333E-03;2.4813E-03;1.7936E-03;1.3099E-03;9.5941E-04;7.0463E-04
2.4842E-01;1.0660E+09;5.3681E-03;1.2579E-03;8.3554E-04;7.0880E-04;6.1880E-04;5.4538E-04;4.8409E-04
2.4356E-01;9.6764E+08;2.4933E-02;1.2067E-02;5.3926E-03;2.4107E-03;1.0782E-03;4.8275E-04;2.1650E-04
2.3879E-01;5.1719E+11;7.5469E-02;1.0207E-02;8.4211E-03;7.6194E-03;6.9148E-03;6.2784E-03;5.7031E-03
2.3412E-01;1.5936E+13;1.4873E+11;1.1100E-01;9.0667E-02;8.1049E-02;7.2752E-02;6.5400E-02;5.8858E-02
2.2953E-01;8.6753E+08;1.2254E-03;3.0878E-04;2.3964E-04;2.0816E-04;1.8460E-04;1.6528E-04;1.4870E-04
2.2504E-01;8.3224E+08;2.9643E-03;5.2495E-04;2.8952E-04;2.3950E-04;2.1130E-04;1.9007E-04;1.7345E-04
2.2064E-01;7.9937E+08;3.6720E-03;1.4073E-03;7.3510E-04;3.8668E-04;2.0594E-04;1.1209E-04;6.3274E-05
2.1632E-01;6.5869E+12;2.8755E-04;1.7226E-04;1.4471E-04;1.2464E-04;1.0990E-04;9.8996E-05;9.0861E-05
2.1208E-01;7.3839E+08;8.5448E-03;6.5519E-04;5.3556E-04;4.7775E-04;4.2818E-04;3.8447E-04;3.4575E-04
2.0793E-01;7.2394E+08;5.9589E-03;1.2603E-03;6.4726E-04;4.8318E-04;3.8358E-04;3.1052E-04;2.5535E-04
2.0386E-01;2.4677E+12;4.5565E+10;8.5952E-04;2.8893E-04;1.9187E-04;1.4482E-04;1.1195E-04;8.7665E-05
1.9987E-01;5.8256E+12;3.2803E-04;1.7287E-05;1.2407E-05;9.0034E-06;6.5931E-06;4.8698E-06;3.6299E-06
1.9596E-01;6.5269E+08;7.0364E-03;3.1762E-05;1.0258E-05;7.0034E-06;5.7402E-06;4.9527E-06;4.4072E-06
1.9212E-01;6.3013E+08;2.6371E-05;1.9042E-05;1.9024E-05;1.9007E-05;1.8989E-05;1.8972E-05;1.8955E-05
1.8836E-01;6.1827E+08;1.1076E-03;1.1980E-06;1.1942E-06;1.1908E-06;1.1878E-06;1.1851E-06;1.1828E-06
1.8468E-01;5.9995E+08;1.0117E-03;5.6303E-04;3.2965E-04;2.2499E-04;1.7786E-04;1.5645E-04;1.4653E-04
1.8106E-01;1.2421E+12;3.6054E-04;3.2280E-04;3.0773E-04;2.9423E-04;2.8194E-04;2.7065E-04;2.6017E-04
1.7752E-01;5.7502E+08;1.1154E-03;1.7541E-04;1.0610E-04;8.9091E-05;7.9723E-05;7.3201E-05;6.8411E-05
1.7404E-01;5.6492E+08;1.0447E-01;1.1027E-02;1.0483E-03;2.2586E-04;1.4715E-04;1.3062E-04;1.2062E-04
1.7064E-01;5.5569E+08;3.0471E-03;3.1203E-04;3.1677E-05;7.4883E-06;4.4580E-06;3.4337E-06;2.7842E-06
1.6730E-01;2.0873E+09;1.2473E-05;9.1505E-06;6.7637E-06;5.0274E-06;3.7642E-06;2.8452E-06;2.1767E-06
1.6402E-01;5.5970E+08;9.7727E-03;2.5466E-04;2.0902E-04;1.8803E-04;1.6980E-04;1.5346E-04;1.3876E-04
1.6081E-01;6.7473E+08;9.3784E-06;3.5640E-06;2.6381E-06;1.9646E-06;1.4746E-06;1.1182E-06;8.5893E-07
1.5766E-01;7.4847E+08;1.4263E-02;2.2179E-03;1.1930E-03;6.5201E-04;3.6294E-04;2.0661E-04;1.2077E-04
1.5458E-01;5.3100E+08;4.2791E-04;2.1431E-05;1.3087E-05;9.3552E-06;7.6844E-06;6.9343E-06;6.5955E-06
1.5155E-01;5.2127E+08;3.4899E-03;1.8601E-03;1.3563E-03;9.9016E-04;7.2390E-04;5.3029E-04;3.8951E-04
1.4859E-01;5.1111E+08;1.6931E-03;1.8342E-04;9.8630E-05;5.3854E-05;3.0156E-05;1.7577E-05;1.0871E-05
1.4568E-01;5.4839E+08;1.4482E-04;4.6866E-05;1.8523E-05;1.0058E-05;7.1456E-06;5.9684E-06;5.4145E-06
1.4283E-01;5.2001E+08;1.9499E-03;1.0584E-03;7.7182E-04;5.6337E-04;4.1176E-04;3.0148E-04;2.2128E-04
1.4003E-01;9.7963E+11;4.0237E-04;1.0355E-04;7.5711E-05;5.5462E-05;4.0734E-05;3.0021E-05;2.2230E-05
1.3729E-01;5.0286E+08;1.1066E-06;7.5344E-07;5.6742E-07;4.3218E-07;3.3381E-07;2.6230E-07;2.1029E-07
1.3460E-01;5.2850E+08;1.0824E-01;1.9810E-05;1.2044E-05;8.5739E-06;7.0218E-06;6.3264E-06;6.0138E-06
1.3197E-01;1.5162E+12;1.1912E-01;7.0723E-05;2.5350E-05;2.1918E-05;1.9502E-05;1.7758E-05;1.6500E-05
1.2938E-01;5.0801E+08;1.5218E-03;4.0269E-04;3.1277E-04;2.6803E-04;2.3427E-04;2.0702E-04;1.8423E-04
1.2685E-01;2.7097E+09;2.0288E-04;1.5756E-04;1.4360E-04;1.3087E-04;1.1936E-04;1.0893E-04;9.9480E-05
1.2437E-01;5.3518E+08;1.2825E-05;9.9939E-06;9.4909E-06;9.1427E-06;8.8810E-06;8.6815E-06;8.5281E-06
1.2193E-01;5.2471E+08;1.4669E-01;7.1185E-02;3.1933E-02;1.4370E-02;6.5035E-03;2.9734E-03;1.3847E-03
1.1955E-01;3.7489E+09;3.2024E-02;7.6855E-05;6.6329E-05;5.8893E-05;5.3278E-05;4.8980E-05;4.5668E-05
1.1721E-01;6.4375E+08;2.1024E-04;1.8482E-04;1.6491E-04;1.4924E-04;1.3691E-04;1.2719E-04;1.1954E-04
1.1491E-01;5.5067E+08;9.2820E-03;2.0197E-03;1.3509E-03;1.1795E-03;1.0567E-03;9.5052E-04;8.5683E-04
1.1266E-01;5.3989E+08;3.0373E-02;3.0456E-04;2.2194E-04;1.6186E-04;1.1819E-04;8.6419E-05;6.3318E-05
1.1046E-01;2.4069E+12;6.8024E-05;2.3501E-05;1.6337E-05;1.2161E-05;9.2067E-06;7.0659E-06;5.5101E-06
1.0830E-01;6.4703E+09;1.1953E-03;2.4837E-04;1.4334E-04;1.3231E-04;1.2914E-04;1.2680E-04;1.2466E-04
1.0618E-01;5.4965E+08;3.1980E-05;2.6608E-05;2.2453E-05;1.9462E-05;1.7288E-05;1.5703E-05;1.4544E-05
1.0410E-01;5.6324E+08;2.7932E+03;1.2111E-02;3.4884E-03;1.4359E-03;9.2148E-04;7.7240E-04;7.1436E-04
1.0206E-01;5.5203E+08;3.8886E-03;1.3591E-04;1.0468E-04;8.2452E-05;6.6180E-05;5.4244E-05;4.5475E-05
1.0006E-01;5.4124E+08;2.8897E-03;4.0856E-04;2.8659E-04;2.1878E-04;1.7071E-04;1.3564E-04;1.0993E-04
9.8106E-02;5.3063E+08;1.4217E-03;7.7571E-04;6.6739E-04;5.8553E-04;5.2259E-04;4.7385E-04;4.3583E-04
9.6186E-02;5.7120E+08;9.8171E-02;6.8444E-04;5.0331E-04;3.7389E-04;2.7925E-04;2.0989E-04;1.5896E-04
9.4303E-02;5.8303E+08;4.2460E-03;2.8776E-03;2.1149E-03;1.5688E-03;1.1694E-03;8.7675E-04;6.6187E-04
9.2457E-02;5.7162E+08;1.0174E-03;7.1938E-04;5.3160E-04;3.9531E-04;2.9571E-04;2.2281E-04;1.6938E-04
9.0647E-02;5.6043E+08;7.1798E-06;4.6451E-06;4.1954E-06;3.9072E-06;3.6870E-06;3.5162E-06;3.3821E-06
8.8873E-02;5.6028E+08;2.9382E+01;2.9372E+01;2.9371E+01;2.9370E+01;2.9368E+01;2.9367E+01;2.9366E+01
8.7134E-02;5.5673E+08;5.1747E-02;1.5484E-02;1.2660E-02;1.1281E-02;1.0105E-02;9.0742E-03;8.1659E-03
8.5428E-02;6.1202E+08;7.1540E-02;1.7146E-02;4.4556E-03;1.3988E-03;6.0992E-04;3.6910E-04;2.7085E-04
8.3756E-02;6.0003E+08;2.8545E-02;1.2241E-02;9.3436E-03;7.4484E-03;6.0149E-03;4.9165E-03;4.0670E-03
8.2117E-02;5.8828E+08;4.8781E-04;2.1173E-04;1.6205E-04;1.2962E-04;1.0514E-04;8.6391E-05;7.1906E-05
8.0509E-02;5.7680E+08;1.9729E-01;1.0992E-01;5.7954E-02;3.0810E-02;1.6566E-02;9.0475E-03;5.0476E-03
7.8933E-02;5.6547E+08;3.1603E-02;9.7929E-03;5.5313E-03;3.2592E-03;2.0254E-03;1.3421E-03;9.5392E-04
7.7388E-02;5.6147E+08;1.4206E-01;4.1087E-02;3.3874E-02;3.0573E-02;2.7670E-02;2.5047E-02;2.2679E-02
7.5874E-02;6.3935E+08;6.0840E-04;3.0127E-04;2.3599E-04;1.9357E-04;1.6151E-04;1.3693E-04;1.1790E-04
7.4389E-02;6.2684E+08;9.5788E-02;2.8055E-02;2.3214E-02;2.0999E-02;1.9051E-02;1.7293E-02;1.5704E-02
7.2933E-02;6.1457E+08;7.5247E-03;2.3997E-03;1.9373E-03;1.6968E-03;1.4971E-03;1.3268E-03;1.1803E-03
7.1505E-02;6.0254E+08;7.2810E-05;5.8341E-05;4.0202E-05;2.7783E-05;1.9280E-05;1.3453E-05;9.4585E-06
7.0105E-02;5.9075E+08;8.1299E-04;3.7205E-04;2.8171E-04;2.2394E-04;1.8053E-04;1.4735E-04;1.2171E-04
6.8733E-02;5.7919E+08;7.0550E-04;6.1445E-05;4.4002E-05;3.2270E-05;2.3882E-05;1.7803E-05;1.3384E-05
6.7388E-02;5.7728E+08;6.5471E-03;5.1402E-06;4.3630E-06;3.7492E-06;3.2647E-06;2.8822E-06;2.5803E-06
6.6069E-02;6.6762E+08;5.5071E-04;2.3593E-05;1.0664E-05;7.2347E-06;5.0572E-06;3.5865E-06;2.5897E-06
6.4776E-02;6.5456E+08;2.6673E-03;2.8966E-05;2.2106E-05;1.7103E-05;1.3452E-05;1.0783E-05;8.8291E-06
6.3508E-02;6.4175E+08;2.0200E-05;1.5624E-05;1.2600E-05;1.0400E-05;8.8001E-06;7.6366E-06;6.7901E-06
6.2265E-02;6.2919E+08;2.1620E-03;1.8069E-04;1.3235E-04;9.7178E-05;7.1602E-05;5.2999E-05;3.9467E-05
6.1046E-02;6.1687E+08;4.4636E-03;5.7682E-05;4.0311E-05;3.2213E-05;2.6532E-05;2.2409E-05;1.9405E-05
5.9851E-02;6.0480E+08;2.3934E-03;6.4056E-04;1.4900E-04;3.4691E-05;8.1034E-06;1.9183E-06;4.7870E-07
5.8680E-02;5.9296E+08;3.3928E-03;8.7125E-04;1.3283E-03;1.6035E-03;1.7615E-03;1.8475E-03;1.8893E-03
5.7531E-02;5.8135E+08;2.6601E-03;4.6650E-04;3.9581E-04;3.5112E-04;3.1564E-04;2.8487E-04;2.5743E-04
5.6405E-02;6.9968E+08;1.4750E-05;9.3180E-06;7.7081E-06;6.5030E-06;5.5993E-06;4.9202E-06;4.4091E-06
5.5301E-02;6.8959E+08;2.4263E-04;4.5973E-06;4.2453E-06;3.9541E-06;3.7182E-06;3.5290E-06;3.3780E-06
5.4219E-02;6.7610E+08;7.8950E-06;4.0428E-06;3.8960E-06;3.7650E-06;3.6470E-06;3.5393E-06;3.4402E-06
5.3157E-02;6.6286E+08;1.2652E+00;6.8220E-03;3.5516E-03;1.8598E-03;9.8441E-04;5.3135E-04;2.9679E-04
5.2117E-02;6.4989E+08;9.2648E-03;4.6533E-05;1.5352E-05;1.3582E-05;1.2995E-05;1.2505E-05;1.2041E-05
5.1097E-02;6.3717E+08;2.5892E-03;2.5439E-05;7.7772E-06;6.8047E-06;6.5027E-06;6.2543E-06;6.0195E-06
5.0097E-02;6.2469E+08;6.9046E-03;3.6536E-03;2.6545E-03;1.9328E-03;1.4096E-03;1.0298E-03;7.5378E-04
4.9116E-02;6.1246E+08;5.3733E-03;2.4269E-03;1.1510E-03;6.1978E-04;3.7639E-04;2.5486E-04;1.8892E-04
4.8155E-02;6.0048E+08;2.3031E-02;9.5079E-03;4.0850E-03;1.9629E-03;1.0759E-03;6.8559E-04;5.0491E-04
4.7212E-02;6.4111E+08;9.0002E-05;5.8483E-06;5.1704E-07;4.5846E-08;4.1784E-09;4.9400E-10;1.6851E-10
4.6288E-02;7.4537E+08;1.6630E-02;1.0128E-02;7.4574E-03;5.5035E-03;4.0735E-03;3.0268E-03;2.2607E-03
4.5382E-02;7.3077E+08;8.1371E-03;7.3633E-05;6.9097E-05;6.5660E-05;6.2776E-05;6.0200E-05;5.7821E-05
4.4494E-02;7.1648E+08;1.4247E-02;7.3704E-04;2.0400E-04;7.8741E-05;4.8351E-05;4.0130E-05;3.7145E-05
4.3623E-02;7.0245E+08;6.1308E-03;1.6087E-04;1.1855E-04;8.9728E-05;6.8762E-05;5.3511E-05;4.2415E-05
4.2769E-02;6.8870E+08;7.3973E-02;3.1577E-02;1.3688E-02;6.6793E-03;3.7335E-03;2.4242E-03;1.8085E-03
4.1932E-02;6.7522E+08;5.4959E-02;1.7284E-02;7.4650E-03;3.6145E-03;1.9952E-03;1.2751E-03;9.3655E-04
4.1111E-02;6.6200E+08;1.4018E-02;1.6688E-05;1.0726E-05;8.1856E-06;6.4112E-06;5.1332E-06;4.2066E-06
4.0306E-02;1.9218E+12;2.2989E-02;1.9910E-05;3.2369E-06;7.5380E-07;1.7644E-07;4.2159E-08;1.0930E-08
3.9518E-02;6.3635E+08;2.0660E-01;2.7237E-03;2.2534E-03;2.0382E-03;1.8514E-03;1.6842E-03;1.5338E-03
3.8744E-02;6.2388E+08;7.4614E-03;9.1581E-06;5.3416E-09;3.1217E-12;7.8565E-15;6.0402E-15;6.0392E-15
3.7986E-02;6.1167E+08;4.4201E-03;5.4669E-06;4.2192E-07;4.1809E-07;4.1719E-07;4.1631E-07;4.1542E-07
3.7242E-02;6.8286E+08;4.9091E-03;2.3594E-03;1.7441E-03;1.3141E-03;9.9648E-04;7.5960E-04;5.8182E-04
3.6513E-02;8.2304E+08;6.5680E-04;4.8840E-04;3.3088E-04;2.2538E-04;1.5398E-04;1.0552E-04;7.2574E-05
3.5799E-02;8.0693E+08;8.0470E-02;1.8945E-02;1.1636E-02;7.5407E-03;5.1114E-03;3.6058E-03;2.6293E-03
3.5098E-02;7.9113E+08;1.2039E-01;1.0223E-02;1.0297E-03;1.8792E-04;6.9269E-05;3.3568E-05;1.7180E-05
3.4411E-02;7.7566E+08;1.0074E-01;5.5661E-02;2.8792E-02;1.4893E-02;7.7036E-03;3.9848E-03;2.0613E-03
3.3737E-02;7.6047E+08;3.8666E-07;1.3215E-08;4.6415E-09;4.3473E-09;4.3415E-09;4.3456E-09;4.3500E-09
3.3077E-02;7.4558E+08;7.0406E-03;7.2727E-06;7.2411E-06;7.5391E-06;7.6084E-06;7.5572E-06;7.4472E-06
3.2430E-02;7.3099E+08;2.6909E-03;4.3145E-08;4.2934E-08;4.2896E-08;4.2858E-08;4.2820E-08;4.2782E-08
3.1795E-02;7.1668E+08;6.4510E-02;3.9092E-02;3.0404E-02;2.4126E-02;1.9162E-02;1.5220E-02;1.2090E-02
3.1172E-02;7.0265E+08;3.7155E-02;3.8590E-03;3.3723E-04;4.6242E-05;1.8790E-05;1.3798E-05;1.1391E-05
3.0562E-02;6.8902E+08;1.0671E+05;9.3335E+04;8.3440E+04;7.7003E+04;7.2813E+04;7.0087E+04;6.8313E+04
2.9964E-02;6.7542E+08;1.1773E-04;3.5510E-06;3.0897E-06;2.6960E-06;2.3597E-06;2.0725E-06;1.8273E-06
2.9378E-02;6.6220E+08;6.2144E-04;5.4124E-05;4.2057E-05;3.3150E-05;2.6436E-05;2.1348E-05;1.7471E-05
2.8803E-02;6.4924E+08;1.4435E-05;3.9234E-07;3.8793E-07;3.8980E-07;3.9195E-07;3.9425E-07;3.9663E-07
2.8239E-02;6.3653E+08;4.3462E-04;1.3984E-05;1.0285E-05;7.6148E-06;5.6727E-06;4.2601E-06;3.2327E-06
2.7686E-02;6.2407E+08;6.7371E-04;1.4996E-12;4.1847E-22;1.1678E-31;3.2589E-41;9.0945E-51;2.5379E-60
2.7144E-02;2.1650E+09;9.6225E-01;9.9108E-02;8.0472E-03;6.6856E-04;7.0647E-05;2.2194E-05;1.8263E-05
2.6613E-02;2.9189E+09;1.3406E-05;1.0266E-07;6.2756E-08;3.8799E-08;2.4052E-08;1.4973E-08;9.3840E-09
2.6092E-02;2.8618E+09;3.8715E-03;3.1843E-04;2.0743E-04;1.8429E-04;1.7813E-04;1.7407E-04;1.6960E-04
2.5581E-02;2.8057E+09;9.4281E-05;1.6113E-08;8.1824E-09;7.8287E-09;7.6062E-09;7.4647E-09;7.3739E-09
2.5081E-02;2.7508E+09;1.1331E-03;6.5326E-06;2.6645E-07;2.4069E-07;2.4032E-07;2.4007E-07;2.3982E-07
2.4590E-02;2.6970E+09;4.6800E-03;3.2015E-05;1.9382E-07;6.1466E-08;5.9969E-08;5.9026E-08;5.8102E-08
2.4108E-02;2.6442E+09;1.2475E-02;1.4036E-05;8.4111E-06;5.9018E-06;4.4318E-06;3.4437E-06;2.7424E-06
2.3636E-02;2.5925E+09;7.0293E-03;2.9301E-06;2.3672E-06;2.3296E-06;2.2930E-06;2.2570E-06;2.2215E-06
2.3174E-02;2.5418E+09;1.4350E-03;2.8148E-06;2.8144E-06;2.8143E-06;2.8141E-06;2.8141E-06;2.8140E-06
2.2720E-02;2.4920E+09;7.3963E-01;1.7992E-04;1.2721E-04;9.5924E-05;7.7201E-05;6.5868E-05;5.8887E-05
2.2276E-02;2.4432E+09;3.6303E+00;2.5435E-06;1.9199E-06;1.8070E-06;1.7750E-06;1.7562E-06;1.7402E-06
2.1840E-02;2.3970E+09;5.9351E-01;5.6582E-01;5.6557E-01;5.6554E-01;5.6552E-01;5.6551E-01;5.6548E-01
2.1412E-02;2.3572E+09;3.6737E+00;3.6658E+00;3.6624E+00;3.6600E+00;3.6583E+00;3.6572E+00;3.6564E+00
2.0993E-02;2.3061E+09;1.6136E-03;8.4790E-05;1.1323E-04;1.3152E-04;1.4197E-04;1.4758E-04;1.5024E-04
2.0582E-02;1.5937E+10;1.5325E+00;6.7631E-06;5.7241E-06;5.4259E-06;5.1901E-06;4.9990E-06;4.8409E-06
2.0179E-02;7.6169E+09;1.4179E+01;3.1489E-03;2.8066E-03;2.5778E-03;2.3766E-03;2.1934E-03;2.0258E-03
1.9784E-02;2.1094E+11;2.7395E+09;2.0183E+07;2.0177E+07;2.0170E+07;2.0163E+07;2.0156E+07;2.0149E+07
1.9397E-02;1.1441E+12;1.4985E+10;1.1041E+08;1.1037E+08;1.1033E+08;1.1029E+08;1.1025E+08;1.1022E+08
1.9017E-02;2.1398E+09;2.3196E+01;2.3179E+01;2.3176E+01;2.3175E+01;2.3174E+01;2.3173E+01;2.3171E+01
1.8645E-02;2.7643E+13;7.0696E+09;4.2928E+07;3.8377E+07;3.5416E+07;3.3489E+07;3.2235E+07;3.1419E+07
1.8280E-02;1.5482E+14;3.9603E+10;2.3994E+08;2.1451E+08;1.9796E+08;1.8719E+08;1.8018E+08;1.7562E+08
1.7922E-02;1.1214E+11;1.3371E+04;1.1440E+04;1.1118E+04;1.0851E+04;1.0626E+04;1.0434E+04;1.0269E+04
1.7572E-02;4.6803E+11;8.2638E+04;7.0718E+04;6.8733E+04;6.7078E+04;6.5687E+04;6.4500E+04;6.3479E+04
1.7228E-02;7.2251E+12;9.4792E+10;6.9840E+08;6.9816E+08;6.9791E+08;6.9768E+08;6.9744E+08;6.9720E+08
1.6890E-02;1.3813E+11;2.9536E+02;1.4362E-02;1.2805E-02;1.1765E-02;1.0848E-02;1.0012E-02;9.2465E-03
1.6560E-02;6.5271E+14;1.6719E+11;1.0107E+09;9.0355E+08;8.3383E+08;7.8847E+08;7.5896E+08;7.3976E+08
1.6236E-02;3.3939E+14;8.7313E+10;5.2551E+08;4.6980E+08;4.3355E+08;4.0997E+08;3.9462E+08;3.8463E+08
1.5918E-02;2.7086E+09;7.0548E+04;1.2521E-02;1.1225E-02;1.0092E-02;9.0834E-03;8.1827E-03;7.3771E-03
1.5606E-02;3.0515E+12;1.0588E+06;4.4562E+05;4.3608E+05;4.2798E+05;4.2101E+05;4.1494E+05;4.0957E+05
1.5301E-02;8.4191E+08;1.5422E-02;7.3096E-03;5.6067E-03;4.4922E-03;3.6474E-03;2.9983E-03;2.4950E-03
1.5001E-02;8.5053E+08;1.0132E+00;1.4124E-02;1.1039E-02;9.5326E-03;8.3974E-03;7.4816E-03;6.7135E-03
1.4708E-02;6.2481E+12;1.3459E+04;2.4636E-02;1.4017E-02;8.1600E-03;4.8862E-03;3.0306E-03;1.9617E-03
1.4420E-02;7.9344E+08;4.8487E-03;1.4112E-03;1.1609E-03;1.0450E-03;9.4367E-04;8.5260E-04;7.7068E-04
1.4138E-02;7.7791E+08;6.6113E-02;4.4030E-02;3.0406E-02;2.1092E-02;1.4701E-02;1.0313E-02;7.2955E-03
1.3861E-02;9.5756E+10;3.6589E+06;3.9178E-03;1.9614E-03;1.9312E-03;1.8777E-03;1.8100E-03;1.7359E-03
1.3590E-02;7.4775E+08;1.8083E-02;1.2697E-02;1.1391E-02;1.0525E-02;9.7497E-03;9.0322E-03;8.3666E-03
1.3324E-02;1.7639E+09;3.9949E+01;8.4430E-02;4.4892E-02;2.4088E-02;1.3120E-02;7.3210E-03;4.2390E-03
1.3063E-02;1.2546E+09;2.0764E+01;4.3115E-02;2.2633E-02;1.1881E-02;6.2373E-03;3.2746E-03;1.7194E-03
1.2807E-02;7.0470E+08;8.9645E-02;4.6938E-02;3.7496E-02;3.1088E-02;2.6079E-02;2.2108E-02;1.8924E-02
1.2556E-02;6.9090E+08;7.8735E-03;2.3542E-03;1.9485E-03;1.7602E-03;1.5965E-03;1.4499E-03;1.3185E-03
1.2311E-02;6.7738E+08;3.4141E-02;1.0279E-02;8.4569E-03;7.5849E-03;6.8327E-03;6.1663E-03;5.5733E-03
1.2070E-02;6.6411E+08;2.4324E-02;7.0564E-03;5.7974E-03;5.2139E-03;4.7036E-03;4.2457E-03;3.8338E-03
1.1833E-02;6.5112E+08;6.4186E-04;4.0386E-04;3.0899E-04;2.4310E-04;1.9462E-04;1.5873E-04;1.3202E-04
1.1602E-02;6.3838E+08;1.7410E-02;3.1548E-03;2.3434E-03;1.7747E-03;1.3555E-03;1.0450E-03;8.1414E-04
1.1375E-02;6.2587E+08;2.2597E-06;2.1218E-06;2.1199E-06;2.1180E-06;2.1162E-06;2.1143E-06;2.1124E-06
1.1152E-02;6.1364E+08;2.6850E-04;1.0073E-05;7.3402E-06;5.3522E-06;3.9063E-06;2.8547E-06;2.0899E-06
1.0934E-02;6.0162E+08;4.7398E-04;2.4462E-04;2.0478E-04;1.7950E-04;1.6013E-04;1.4502E-04;1.3312E-04
1.0720E-02;5.8985E+08;9.5990E-02;4.6296E-02;3.5693E-02;2.8704E-02;2.3375E-02;1.9261E-02;1.6056E-02
1.0510E-02;5.7830E+08;1.0263E-02;2.9297E-03;2.4198E-03;2.1868E-03;1.9818E-03;1.7965E-03;1.6291E-03
1.0304E-02;5.6697E+08;8.9353E-02;1.9009E-06;4.7290E-07;1.4072E-07;6.3331E-08;4.5215E-08;4.0905E-08
1.0103E-02;5.5589E+08;3.2442E-02;9.2835E-03;7.6269E-03;6.8603E-03;6.1895E-03;5.5870E-03;5.0450E-03
9.9048E-03;5.4501E+08;3.5789E-05;2.0956E-05;1.4350E-05;1.0317E-05;7.5069E-06;5.4828E-06;4.0138E-06
9.7110E-03;5.3434E+08;5.8657E-03;3.1214E-03;2.2979E-03;1.6958E-03;1.2552E-03;9.3263E-04;6.9655E-04
9.5209E-03;5.2388E+08;1.0949E-07;6.5387E-14;6.4373E-14;6.3376E-14;6.2394E-14;6.1427E-14;6.0476E-14
9.3345E-03;5.1362E+08;7.9866E-05;1.5778E-07;2.5459E-08;4.2795E-09;8.8853E-10;3.4533E-10;2.5824E-10
9.1518E-03;5.0360E+08;5.1128E-03;2.4649E-03;2.1024E-03;1.8539E-03;1.6367E-03;1.4455E-03;1.2771E-03
8.9727E-03;4.9371E+08;1.1519E-06;4.3423E-07;4.3167E-07;4.2919E-07;4.2671E-07;4.2425E-07;4.2180E-07
8.7971E-03;4.8405E+08;4.2916E-06;3.9585E-10;2.1564E-10;2.1562E-10;2.1562E-10;2.1560E-10;2.1560E-10
8.6249E-03;4.7458E+08;2.3590E-03;4.0768E-09;4.0532E-09;4.0526E-09;4.0524E-09;4.0523E-09;4.0522E-09
8.4561E-03;4.6529E+08;1.4219E-03;5.7467E-06;2.7613E-07;2.2399E-08;2.4620E-09;3.1234E-10;5.5845E-11
8.2905E-03;4.5618E+08;1.7534E-03;3.8430E-06;3.6979E-06;3.5582E-06;3.4239E-06;3.2945E-06;3.1701E-06
8.1283E-03;4.4724E+08;2.9006E-04;5.5119E-06;3.1981E-06;2.1617E-06;1.5818E-06;1.2071E-06;9.4745E-07
7.9692E-03;4.3849E+08;3.1852E-04;2.7138E-04;2.4156E-04;2.1510E-04;1.9162E-04;1.7078E-04;1.5226E-04
7.8132E-03;4.2991E+08;2.5346E-03;8.9219E-04;4.2382E-04;2.1371E-04;1.1898E-04;7.5815E-05;5.5724E-05
7.6603E-03;4.2150E+08;5.5768E-04;1.1271E-04;2.6748E-05;6.7148E-06;2.0189E-06;8.9288E-07;5.9968E-07
7.5103E-03;4.1325E+08;3.1662E-03;2.4860E-06;2.4633E-06;2.4631E-06;2.4629E-06;2.4627E-06;2.4625E-06
7.3633E-03;2.8460E+07;1.4316E-03;2.2804E-05;4.5402E-06;1.1559E-06;3.0610E-07;8.1750E-08;2.1896E-08
7.2192E-03;8.1311E-01;1.1374E-03;2.5395E-05;2.4239E-05;2.3229E-05;2.2304E-05;2.1436E-05;2.0614E-05
7.0779E-03;6.2814E-02;5.1961E-08;4.6947E-09;3.3421E-10;2.3792E-11;1.6937E-12;1.2057E-13;8.5830E-15
6.9394E-03;1.5009E-01;1.3233E-03;2.0206E-07;1.2558E-09;6.8267E-10;4.0904E-10;2.4512E-10;1.4688E-10
6.8035E-03;4.9523E-01;3.8937E-04;2.3440E-05;2.2961E-05;2.2932E-05;2.2914E-05;2.2897E-05;2.2879E-05
6.6704E-03;5.1753E-01;1.5285E-02;7.2494E-03;3.5368E-03;1.9704E-03;1.2676E-03;9.3075E-04;7.5465E-04
6.5398E-03;8.8741E-03;1.5090E-06;1.2278E-07;1.4884E-08;1.8317E-09;2.2558E-10;2.7781E-11;3.4216E-12
6.4118E-03;1.2247E+00;3.8240E-03;1.1741E-04;6.0065E-05;4.7569E-05;4.0561E-05;3.5399E-05;3.1417E-05
6.2863E-03;6.2239E-02;1.0428E-03;6.3555E-07;2.5959E-07;2.5585E-07;2.5423E-07;2.5275E-07;2.5129E-07
6.1633E-03;6.1511E+03;1.2647E-03;2.6895E-06;1.3408E-06;6.8262E-07;3.5509E-07;1.8869E-07;1.0231E-07
6.0426E-03;4.2091E-02;1.7143E-12;3.4282E-16;3.4282E-16;3.4282E-16;3.4282E-16;3.4282E-16;3.4282E-16
5.9243E-03;3.9903E-01;1.7745E-02;7.5533E-03;3.4830E-03;1.8092E-03;1.0798E-03;7.4425E-04;5.7923E-04
5.8084E-03;5.7598E-01;6.1194E-03;4.1500E-04;3.4935E-05;4.4302E-06;1.8698E-06;1.5527E-06;1.4233E-06
5.6947E-03;2.1040E-02;1.5253E-04;1.2745E-04;8.5991E-05;5.8071E-05;3.9237E-05;2.6517E-05;1.7923E-05
5.5832E-03;6.0455E-02;2.8467E-04;1.0978E-05;1.9281E-06;9.2302E-07;5.4534E-07;3.5807E-07;2.6113E-07
5.4739E-03;1.9614E-01;8.2385E-03;6.8991E-04;2.8652E-04;1.2317E-04;5.3900E-05;2.3815E-05;1.0577E-05
5.3668E-03;1.1709E-01;8.5493E-03;3.8411E-03;1.9988E-03;1.0462E-03;5.5298E-04;2.9742E-04;1.6480E-04
5.2618E-03;7.1150E-02;8.5037E-09;2.3690E-15;2.2803E-15;2.2803E-15;2.2803E-15;2.2803E-15;2.2803E-15
5.1588E-03;1.8573E-01;3.5310E-04;1.3599E-04;9.1722E-05;6.1939E-05;4.1851E-05;2.8286E-05;1.9120E-05
5.0578E-03;3.4257E-01;7.1867E-04;3.1778E-07;1.5546E-07;7.8860E-08;4.0948E-08;2.1726E-08;1.1764E-08
4.9588E-03;2.1923E-01;7.1471E-03;2.3981E-06;3.3142E-10;4.5804E-14;6.3304E-18;8.7488E-22;1.2091E-25
4.8617E-03;6.8407E-02;1.1288E-03;9.1268E-05;3.7001E-05;3.2049E-05;2.9100E-05;2.6479E-05;2.4104E-05
4.7666E-03;5.2904E-02;1.1988E-04;1.4702E-07;8.5753E-11;5.2765E-14;2.7787E-15;2.7495E-15;2.7495E-15
4.6733E-03;2.0883E-01;4.3000E-02;2.3764E-02;1.2294E-02;6.3610E-03;3.2913E-03;1.7032E-03;8.8148E-04
4.5818E-03;2.5004E-01;7.4865E-03;6.9873E-04;5.6622E-05;4.5915E-06;3.7538E-07;3.3742E-08;6.0594E-09
4.4921E-03;2.4170E-02;7.7333E-04;2.5947E-07;3.5860E-11;4.9559E-15;6.8493E-19;9.4660E-23;1.3082E-26
4.4042E-03;2.5221E-01;9.0286E-03;6.2796E-03;4.9385E-03;3.9205E-03;3.1137E-03;2.4731E-03;1.9643E-03
4.3180E-03;4.6383E-03;5.9206E-07;5.1574E-07;4.4275E-07;3.8043E-07;3.2720E-07;2.8175E-07;2.4294E-07
4.2335E-03;5.0105E-01;4.5040E-02;2.4866E-02;1.2862E-02;6.6534E-03;3.4415E-03;1.7802E-03;9.2084E-04
4.1506E-03;3.3594E-02;2.1075E-05;2.1057E-05;2.1038E-05;2.1018E-05;2.0999E-05;2.0979E-05;2.0959E-05
4.0694E-03;1.6893E-01;5.1062E-02;5.2560E-03;4.2601E-04;3.4629E-05;2.9150E-06;3.4521E-07;1.3697E-07
3.9897E-03;1.0371E-02;1.6213E-04;8.0148E-06;3.9219E-07;1.2652E-07;1.1725E-07;1.1691E-07;1.1689E-07
3.9116E-03;2.8032E-01;1.2309E-04;3.5353E-13;1.4398E-13;1.4398E-13;1.4398E-13;1.4398E-13;1.4398E-13
3.8351E-03;2.5442E-01;1.8569E-04;5.9504E-06;5.3645E-06;4.8664E-06;4.4409E-06;4.0775E-06;3.7671E-06
3.7600E-03;1.0030E-01;5.5370E-03;3.0590E-03;1.5823E-03;8.1847E-04;4.2336E-04;2.1899E-04;1.1328E-04
3.6864E-03;1.2430E-01;6.2370E-02;6.4256E-03;5.2083E-04;4.2341E-05;3.5542E-06;3.9794E-07;1.3090E-07
3.6142E-03;1.4864E-01;3.5721E-04;2.6796E-04;1.9311E-04;1.4850E-04;1.2170E-04;1.0541E-04;9.5301E-05
3.5435E-03;4.7312E-02;2.6593E-04;9.9137E-06;8.7243E-06;8.0584E-06;7.4884E-06;6.9988E-06;6.5782E-06
3.4741E-03;9.5449E-02;8.6209E-04;6.6069E-10;6.5959E-10;6.6027E-10;6.6096E-10;6.6163E-10;6.6229E-10
3.4061E-03;3.3170E-01;2.2196E-02;1.4877E-02;1.0219E-02;7.0372E-03;4.8643E-03;3.3797E-03;2.3651E-03
3.3395E-03;1.9431E-01;8.6484E-03;1.0110E-03;2.5268E-04;2.1893E-04;2.3201E-04;2.4158E-04;2.4640E-04
3.2741E-03;4.7957E-02;1.0866E-03;5.0771E-08;5.0524E-08;5.0291E-08;5.0068E-08;4.9857E-08;4.9656E-08
3.2100E-03;5.2301E-01;6.5486E-03;4.4744E-03;4.0160E-03;3.7111E-03;3.4379E-03;3.1848E-03;2.9500E-03
3.1472E-03;8.1277E+00;5.2249E-03;4.6906E-06;3.7898E-07;3.6052E-07;3.6098E-07;3.6174E-07;3.6258E-07
3.0856E-03;1.8507E+02;2.9251E-01;2.9277E-09;4.0089E-10;2.4520E-10;1.5005E-10;9.1838E-11;5.6239E-11
3.0252E-03;1.0848E-01;4.1981E-03;3.8134E-03;3.3991E-03;3.0347E-03;2.7155E-03;2.4348E-03;2.1868E-03
2.9660E-03;8.6856E+04;2.5903E-03;3.4284E-05;1.4896E-05;1.4575E-05;1.4524E-05;1.4504E-05;1.4489E-05
2.9079E-03;1.9326E+03;1.6907E-04;2.0012E-06;1.4598E-06;1.0657E-06;7.7899E-07;5.7023E-07;4.1826E-07
2.8510E-03;3.9474E+01;7.3986E-02;3.5274E-03;2.9066E-03;2.6117E-03;2.3564E-03;2.1295E-03;1.9270E-03
2.7952E-03;1.3216E+08;4.1973E+00;6.1203E-06;4.4927E-06;3.4624E-06;2.7102E-06;2.1602E-06;1.7573E-06
2.7405E-03;2.1097E-04;1.3708E-05;1.3697E-05;1.3685E-05;1.3673E-05;1.3660E-05;1.3649E-05;1.3636E-05
2.6869E-03;1.3403E+06;2.1785E-03;1.1387E-03;8.5153E-04;6.6360E-04;5.2721E-04;4.2648E-04;3.5157E-04
2.6343E-03;6.8011E+09;8.0026E+07;7.0698E+05;7.0673E+05;7.0650E+05;7.0625E+05;7.0601E+05;7.0577E+05
2.5827E-03;4.8379E-03;4.1221E-06;6.0418E-07;6.0364E-07;6.0310E-07;6.0257E-07;6.0202E-07;6.0149E-07
2.5322E-03;2.3306E+09;3.8068E+06;3.3296E+06;2.9766E+06;2.7470E+06;2.5975E+06;2.5003E+06;2.4370E+06
2.4826E-03;1.0606E+12;2.1972E+08;3.4833E+01;3.4773E+01;3.4712E+01;3.4653E+01;3.4593E+01;3.4532E+01
2.4340E-03;6.0739E+02;9.9162E-01;1.5624E-02;1.1963E-02;9.5339E-03;7.6945E-03;6.2854E-03;5.1969E-03
2.3864E-03;1.5091E+11;1.8254E+09;1.4622E+07;1.4617E+07;1.4611E+07;1.4606E+07;1.4601E+07;1.4596E+07
2.3396E-03;1.3477E+09;1.1381E+02;7.8407E+01;7.8407E+01;7.8407E+01;7.8407E+01;7.8407E+01;7.8407E+01
2.2939E-03;3.6589E-02;1.0911E-02;3.1562E-03;2.5935E-03;2.3335E-03;2.1059E-03;1.9012E-03;1.7171E-03
2.2490E-03;2.3455E+13;8.8318E+09;8.7846E+07;8.1571E+07;7.7484E+07;7.4822E+07;7.3087E+07;7.1954E+07
2.2049E-03;2.7965E+09;6.8277E+00;5.2596E-12;3.4248E-25;2.2051E-38;1.4311E-51;9.3643E-65;6.1679E-78
2.1618E-03;8.2395E+08;2.6066E+01;2.0987E+01;1.6497E+01;1.2966E+01;1.0192E+01;8.0107E+00;6.2965E+00
2.1195E-03;4.6505E+13;1.0593E+10;1.2162E+08;1.0873E+08;1.0034E+08;9.4880E+07;9.1328E+07;8.9017E+07
2.0780E-03;3.1245E+07;1.6601E+03;8.7432E-07;4.2592E-17;2.0749E-27;1.0108E-37;4.9242E-48;2.3987E-58
2.0373E-03;5.5028E+10;6.8278E+08;5.5378E+06;5.5359E+06;5.5340E+06;5.5321E+06;5.5302E+06;5.5283E+06
1.9974E-03;2.3768E+11;2.1280E+04;1.8283E+04;1.7928E+04;1.7624E+04;1.7359E+04;1.7126E+04;1.6918E+04
1.9583E-03;1.4100E+07;2.4432E-02;5.3329E-18;1.0683E-32;9.0897E-48;5.4808E-72;1.1576E-87;2.4455E-103
1.9200E-03;9.3796E+12;2.1262E+09;3.2558E+02;3.2502E+02;3.2446E+02;3.2390E+02;3.2334E+02;3.2278E+02
1.8824E-03;2.2081E+11;2.7317E+07;2.3892E+07;2.1360E+07;1.9712E+07;1.8639E+07;1.7941E+07;1.7487E+07
1.8456E-03;1.6368E+09;6.8591E+04;3.6124E-05;1.7598E-15;8.5730E-26;4.1763E-36;2.0345E-46;9.9108E-57
1.8095E-03;2.7274E+10;4.1630E+03;3.6324E+03;3.6060E+03;3.5796E+03;3.5537E+03;3.5279E+03;3.5024E+03
1.7740E-03;3.1365E+09;1.3230E+05;1.7602E+02;1.3836E+02;1.0875E+02;8.5481E+01;6.7188E+01;5.2812E+01
1.7393E-03;2.5406E+07;1.0787E+00;1.9864E-03;1.0427E-03;5.4735E-04;2.8732E-04;1.5082E-04;7.9170E-05
1.7053E-03;5.1517E+10;5.6544E+01;5.7301E-15;1.0632E-31;3.3963E-53;2.2997E-61;9.7174E-76;2.1701E-91
1.6719E-03;4.7690E+07;6.0877E+01;3.7398E-03;1.9631E-03;1.0305E-03;5.4095E-04;2.8395E-04;1.4906E-04
1.6392E-03;1.5625E+00;1.1371E-06;5.1574E-10;5.1573E-10;5.1571E-10;5.1569E-10;5.1568E-10;5.1567E-10
1.6071E-03;3.5963E+01;1.5771E-19;3.2237E-35;6.8087E-51;1.4383E-66;3.0391E-82;6.4223E-98;1.3573E-113
1.5756E-03;8.0463E+08;3.4028E+04;1.7921E-05;8.7304E-16;4.2531E-26;2.0718E-36;1.0093E-46;4.9168E-57
1.5448E-03;6.9650E-16;0.0000E+00;0.0000E+00;0.0000E+00;0.0000E+00;0.0000E+00;0.0000E+00;0.0000E+00
1.5145E-03;5.3451E-03;3.4409E-08;3.4409E-08;3.4407E-08;3.4406E-08;3.4405E-08;3.4404E-08;3.4403E-08
1.4849E-03;1.3733E+07;5.8083E-01;1.0794E-03;5.6663E-04;2.9744E-04;1.5613E-04;8.1959E-05;4.3023E-05
1.4558E-03;1.0093E-02;6.6345E-08;6.6344E-08;6.6341E-08;6.6340E-08;6.6337E-08;6.6334E-08;6.6333E-08
1.4273E-03;0.0000E+00;0.0000E+00;0.0000E+00;0.0000E+00;0.0000E+00;0.0000E+00;0.0000E+00;0.0000E+00
1.3994E-03;2.0571E+01;7.0463E-07;6.7855E-21;1.1574E-33;2.0447E-46;3.5825E-59;6.3050E-72;1.1116E-84
1.3720E-03;5.2421E-01;1.6815E-05;9.2080E-14;6.0916E-23;4.0299E-32;2.6660E-41;1.7637E-50;1.1668E-59
1.3452E-03;0.0000E+00;0.0000E+00;0.0000E+00;0.0000E+00;0.0000E+00;0.0000E+00;0.0000E+00;0.0000E+00
1.3188E-03;8.7888E-03;1.0599E-03;5.8046E-12;3.8401E-21;2.5404E-30;1.6806E-39;1.1118E-48;7.3554E-58
1.2930E-03;3.8210E-03;2.5037E-08;2.5037E-08;2.5036E-08;2.5035E-08;2.5035E-08;2.5034E-08;2.5033E-08
1.2677E-03;1.6143E-02;1.9468E-03;1.0662E-11;7.0536E-21;4.6663E-30;3.0870E-39;2.0422E-48;1.3511E-57
1.2429E-03;1.8331E-06;3.2266E-11;1.5269E-23;2.8095E-37;5.4734E-51;1.0651E-64;2.0286E-78;3.8968E-92
1.2186E-03;1.6510E-03;2.0579E-09;6.6948E-16;6.6948E-16;6.6947E-16;6.6947E-16;6.6946E-16;6.6946E-16
1.1947E-03;3.2885E-16;1.5256E-79;0.0000E+00;0.0000E+00;0.0000E+00;0.0000E+00;0.0000E+00;0.0000E+00
1.1713E-03;2.6945E-04;3.3277E-09;1.5748E-21;2.8968E-35;5.6395E-49;1.0986E-62;2.0920E-76;4.0206E-90
1.1484E-03;5.0876E-05;1.7088E-05;1.8634E-09;7.3734E-14;2.9176E-18;1.1545E-22;4.5681E-27;1.8076E-31
1.1259E-03;9.0083E-03;1.0562E-03;5.7844E-12;3.8381E-21;1.0005E-27;8.7256E-32;7.6289E-36;6.6702E-40
1.1039E-03;0.0000E+00;0.0000E+00;0.0000E+00;0.0000E+00;0.0000E+00;0.0000E+00;0.0000E+00;0.0000E+00
1.0823E-03;4.0274E-04;9.2015E-14;2.0196E-19;1.7658E-23;1.5439E-27;1.3499E-31;1.1802E-35;1.0319E-39
1.0611E-03;0.0000E+00;0.0000E+00;0.0000E+00;0.0000E+00;0.0000E+00;0.0000E+00;0.0000E+00;0.0000E+00
1.0403E-03;1.3466E-04;2.3428E-09;1.2171E-20;9.6720E-25;8.4564E-29;7.3936E-33;6.4644E-37;5.6520E-41
1.0200E-03;0.0000E+00;0.0000E+00;0.0000E+00;0.0000E+00;0.0000E+00;0.0000E+00;0.0000E+00;0.0000E+00
1.0000E-03;2.9799E-06;7.3694E-17;1.6403E-20;1.4342E-24;1.2539E-28;1.0963E-32;9.5855E-37;8.3809E-41
